timestamp,pitch,y_pos,z_pos,o2_level,o2_leak_rate,co2_level,net_power,total_drain,solar_input,is_scrubber_on,is_engine_on,is_anomaly
27,141.005669177771,-0.011048519748065037,-0.029336149445923776,99.89199999999987,1,616.0,9699.999654042835,1500.0,11199.999654042835,0,0,0
28,141.01335179871475,-0.013449643650930567,-0.030552540100953467,99.88799999999986,1,624.0,9699.999945174459,1500.0,11199.999945174459,0,0,0
29,141.0237524109253,-0.008042074631226423,-0.020678354806413203,99.88399999999986,1,632.0,9699.999695895873,1500.0,11199.999695895873,0,0,0
30,141.02208210298286,-0.00586261909144546,-0.012669152652911944,99.87999999999985,1,640.0,9699.999037594376,1500.0,11199.999037594376,0,0,0
31,141.0356299969636,-0.002325038291409027,-0.013466457794156355,99.87599999999985,1,648.0,9699.999168190992,1500.0,11199.999168190992,0,0,0
32,141.0464371420518,-0.004420215940248957,-0.021344948532767215,99.87199999999984,1,656.0,9699.997834419564,1500.0,11199.997834419564,0,0,0
33,141.0582253393996,-0.010456452346531218,-0.01459997385456248,99.86799999999984,1,664.0,9699.996321475055,1500.0,11199.996321475055,0,0,0
34,141.04381924825452,-0.00893142415559692,-0.011125214579692073,99.86399999999983,1,672.0,9699.994216819034,1500.0,11199.994216819034,0,0,0
35,141.03397742892096,-0.004408172742032469,-0.018064014031470232,99.85999999999983,1,680.0,9699.99672453784,1500.0,11199.99672453784,0,0,0
36,141.02876711492559,0.0036114552937969256,-0.015019976902328537,99.85599999999982,1,688.0,9699.998030646067,1500.0,11199.998030646067,0,0,0
37,141.031725941824,0.003702283742834626,-0.015909228247078508,99.85199999999982,1,696.0,9699.998588322898,1500.0,11199.998588322898,0,0,0
38,141.02852993814284,0.013274452095861998,-0.023148834125502796,99.84799999999981,1,704.0,9699.998282994058,1500.0,11199.998282994058,0,0,0
39,141.01507869917765,0.022669449105909296,-0.02952549802054836,99.84399999999981,1,712.0,9699.998611504701,1500.0,11199.998611504701,0,0,0
40,141.0100642573959,0.014465170066323623,-0.03671618833827994,99.8399999999998,1,720.0,9699.999612144,1500.0,11199.999612144,0,0,0
41,141.01162388907412,0.012269922453483571,-0.03015057889285081,99.8359999999998,1,728.0,9699.999827214922,1500.0,11199.999827214922,0,0,0
42,141.00982199029744,0.02100171802034548,-0.02815625232115574,99.8319999999998,1,736.0,9699.999769513402,1500.0,11199.999769513402,0,0,0
43,141.01889229775438,0.022596534604078095,-0.019773979016667026,99.82799999999979,1,744.0,9699.999835433375,1500.0,11199.999835433375,0,0,0
44,141.00316638628365,0.02513445075464453,-0.023967245038690126,99.82399999999978,1,752.0,9699.999391147181,1500.0,11199.999391147181,0,0,0
45,141.01412335908444,0.027128632814674473,-0.015140468116301238,99.81999999999978,1,760.0,9699.999982897067,1500.0,11199.999982897067,0,0,0
46,141.00429736717172,0.036904107249284834,-0.009017869623204621,99.81599999999978,1,768.0,9699.999659733838,1500.0,11199.999659733838,0,0,0
47,140.99380713387333,0.03494428567364852,0.00034444418926710303,99.81199999999977,1,776.0,9699.999968497306,1500.0,11199.999968497306,0,0,0
48,140.97395220407074,0.0431117683374335,0.009084629095062441,99.80799999999977,1,784.0,9699.999934577649,1500.0,11199.999934577649,0,0,0
49,140.98608962046092,0.04854448717456175,0.009830678861206352,99.80399999999976,1,792.0,9699.998842596699,1500.0,11199.998842596699,0,0,0
50,141.00223087128003,0.04542393806419177,0.006922874860199301,99.79999999999976,1,800.0,9699.999669918852,1500.0,11199.999669918852,0,0,0
51,140.9989056683721,0.04226494531967026,-9.804732449033432e-05,99.79599999999975,1,808.0,9699.99999151031,1500.0,11199.99999151031,0,0,0
52,140.99437961814013,0.03957030161722751,-0.0037716816672454046,99.79199999999975,1,816.0,9699.999997957131,1500.0,11199.999997957131,0,0,0
53,140.97944002659838,0.032909249354510846,-0.013531416539002247,99.78799999999974,1,824.0,9699.999946114189,1500.0,11199.999946114189,0,0,0
54,140.96806756797017,0.03180846012028404,-0.0047460664534620545,99.78399999999974,1,832.0,9699.999278912686,1500.0,11199.999278912686,0,0,0
55,140.98197311672752,0.03960011294792176,0.004167699578162709,99.77999999999973,1,840.0,9699.99826057085,1500.0,11199.99826057085,0,0,0
56,141.00123971786434,0.0343050850523985,0.005812302220811668,99.77599999999973,1,848.0,9699.99944565,1500.0,11199.99944565,0,0,0
57,140.9859885109029,0.027769320007362812,-0.003105478209799825,99.77199999999972,1,856.0,9699.999997378267,1500.0,11199.999997378267,0,0,0
58,141.00545557529088,0.03325627563638657,-0.012113439098361089,99.76799999999972,1,864.0,9699.99966510293,1500.0,11199.99966510293,0,0,0
59,141.01416704088183,0.03451171807133993,-0.006307547957254776,99.76399999999971,1,872.0,9699.999949228046,1500.0,11199.999949228046,0,0,0
60,141.02552379071955,0.039948015084108404,-0.013056885695544144,99.7599999999997,1,880.0,9699.999657625782,1500.0,11199.999657625782,0,0,0
61,141.01708007004248,0.04064261231289798,-0.011018383402781037,99.7559999999997,1,888.0,9699.998888695416,1500.0,11199.998888695416,0,0,0
62,141.01247771378885,0.030806467852693573,-0.002316713263961453,99.7519999999997,1,896.0,9699.99950235224,1500.0,11199.99950235224,0,0,0
63,141.00826095870585,0.039658131242067435,0.0003082189442957031,99.74799999999969,1,904.0,9699.999734409339,1500.0,11199.999734409339,0,0,0
64,141.0281439552586,0.03278693274837026,-0.007483435840312068,99.74399999999969,1,912.0,9699.999883586415,1500.0,11199.999883586415,0,0,0
65,141.03982579940612,0.0337757396998393,0.0021770800819956096,99.73999999999968,1,920.0,9699.998648820594,1500.0,11199.998648820594,0,0,0
66,141.02358280047397,0.0323695276335184,0.003794458893974194,99.73599999999968,1,928.0,9699.997294349172,1500.0,11199.997294349172,0,0,0
67,141.02579572948235,0.040290602670881914,0.00016813805975574286,99.73199999999967,1,936.0,9699.999051289933,1500.0,11199.999051289933,0,0,0
68,141.02639879095338,0.045091792397410804,0.003497661394855532,99.72799999999967,1,944.0,9699.998864888868,1500.0,11199.998864888868,0,0,0
69,141.04364771489358,0.053071221041681986,0.006863804455094176,99.72399999999966,1,952.0,9699.998811194437,1500.0,11199.998811194437,0,0,0
70,141.05141104897186,0.050693846861375944,0.004684091476367052,99.71999999999966,1,960.0,9699.996750131675,1500.0,11199.996750131675,0,0,0
71,141.04926648545472,0.05947902509191994,0.010654056581307258,99.71599999999965,1,968.0,9699.995491255107,1500.0,11199.995491255107,0,0,0
72,141.0518508523688,0.06446913805532027,0.009399952345181643,99.71199999999965,1,976.0,9699.995859565684,1500.0,11199.995859565684,0,0,0
73,141.05560280337045,0.05853758687357454,0.00781446171151331,99.70799999999964,1,984.0,9699.995413783707,1500.0,11199.995413783707,0,0,0
74,141.04360143562482,0.049943838547298856,0.013875651042128699,99.70399999999964,1,992.0,9699.994726048826,1500.0,11199.994726048826,0,0,0
75,141.03358462172403,0.049133664374143654,0.006856838528592433,99.69999999999963,1,1000.0,9699.996757019631,1500.0,11199.996757019631,0,0,0
76,141.01454346000205,0.04390757259770637,0.013384496054100383,99.69599999999963,1,998.0,9199.99807591758,2000.0,11199.99807591758,1,0,0
77,141.01709755419463,0.04084774118382475,0.02091853139318617,99.69199999999962,1,996.0,9199.99963919027,2000.0,11199.99963919027,1,0,0
78,141.01098805999092,0.03351366010257724,0.021815571052817173,99.68799999999962,1,994.0,9199.999501332875,2000.0,11199.999501332875,1,0,0
79,141.00420235655665,0.040210902793275834,0.016586459729003147,99.68399999999961,1,992.0,9199.99979403909,2000.0,11199.99979403909,1,0,0
80,141.00797629148272,0.04215688714304804,0.010309607100261258,99.67999999999961,1,990.0,9199.999969874894,2000.0,11199.999969874894,1,0,0
81,140.99292624875832,0.05012486552656568,0.001197893758646285,99.6759999999996,1,988.0,9199.99989147125,2000.0,11199.99989147125,1,0,0
82,140.9986373829316,0.059930182168304987,-0.003782261183499804,99.6719999999996,1,986.0,9199.999914642372,2000.0,11199.999914642372,1,0,0
83,141.00188928825216,0.06166426593308365,0.003341384829853975,99.6679999999996,1,984.0,9199.999996832692,2000.0,11199.999996832692,1,0,0
84,141.01043676740886,0.0692721575695021,0.007013809603937937,99.66399999999959,1,982.0,9199.999993911093,2000.0,11199.999993911093,1,0,0
85,141.0242981088837,0.07271942893042335,0.007262852312998119,99.65999999999958,1,980.0,9199.999814187566,2000.0,11199.999814187566,1,0,0
86,141.01476895253174,0.06749755094382531,0.002993778061657409,99.65599999999958,1,978.0,9199.998992864967,2000.0,11199.998992864967,1,0,0
87,141.02769739100634,0.07505079376366322,-0.002251341417383401,99.65199999999957,1,976.0,9199.999627915011,2000.0,11199.999627915011,1,0,0
88,141.0168462511362,0.07841224354976298,0.0004164080518682077,99.64799999999957,1,974.0,9199.998691359135,2000.0,11199.998691359135,1,0,0
89,141.03665272854803,0.07515517085806102,0.0025621907939634495,99.64399999999956,1,972.0,9199.999515884152,2000.0,11199.999515884152,1,0,0
90,141.04578361770626,0.07634555043760625,-0.005747473168586644,99.63999999999956,1,970.0,9199.997708312645,2000.0,11199.997708312645,1,0,0
91,141.05305992893074,0.08566492126797393,-0.007481778776867178,99.63599999999956,1,968.0,9199.99642428454,2000.0,11199.99642428454,1,0,0
92,141.07062238974333,0.08728270188343139,-0.005131772980771545,99.63199999999955,1,966.0,9199.995197403952,2000.0,11199.995197403952,1,0,0
93,141.05746069353944,0.09451780475943546,-0.013484476841179933,99.62799999999955,1,964.0,9199.991491999126,2000.0,11199.991491999126,1,0,0
94,141.04209779439924,0.0975393467025236,-0.022574341692019453,99.62399999999954,1,962.0,9199.9943677172,2000.0,11199.9943677172,1,0,0
95,141.0224056760284,0.1066598249902195,-0.02576118554388497,99.61999999999954,1,960.0,9199.996976837943,2000.0,11199.996976837943,1,0,0
96,141.02309164358854,0.10943213852368143,-0.022240820741754905,99.61599999999953,1,958.0,9199.999143635096,2000.0,11199.999143635096,1,0,0
97,141.01155159853258,0.10996202754657296,-0.021845360823869682,99.61199999999953,1,956.0,9199.999090395819,2000.0,11199.999090395819,1,0,0
98,141.01889024689382,0.11726216852267088,-0.029681602875916542,99.60799999999952,1,954.0,9199.999772371344,2000.0,11199.999772371344,1,0,0
99,141.00938605785748,0.10817723928326602,-0.024689200900772916,99.60399999999952,1,952.0,9199.999391279362,2000.0,11199.999391279362,1,0,0
100,140.99580579512568,0.11191432526525054,-0.024510092378458144,99.59999999999951,1,950.0,9199.999849717222,2000.0,11199.999849717222,1,0,0
101,141.01078291035066,0.11845800247915651,-0.017465613129754767,99.5959999999995,1,948.0,9199.999969991653,2000.0,11199.999969991653,1,0,0
102,140.9978725636838,0.11186080970323137,-0.01875722571344348,99.5919999999995,1,946.0,9199.999801657972,2000.0,11199.999801657972,1,0,0
103,141.00181141690672,0.11166409111362965,-0.012542581921752673,99.5879999999995,1,944.0,9199.999992279312,2000.0,11199.999992279312,1,0,0
104,140.98684850631247,0.11729961491386717,-0.017309269186540802,99.58399999999949,1,942.0,9199.999994402686,2000.0,11199.999994402686,1,0,0
105,140.96774127248253,0.10961881840143156,-0.017452585492179033,99.57999999999949,1,940.0,9199.999704951832,2000.0,11199.999704951832,1,0,0
106,140.97121027620474,0.10566007304346861,-0.010015682717914578,99.57599999999948,1,938.0,9199.998224841178,2000.0,11199.998224841178,1,0,0
107,140.9834500975458,0.10314535527598423,-0.006494412113338129,99.57199999999948,1,936.0,9199.998586103075,2000.0,11199.998586103075,1,0,0
108,140.99122211167847,0.11077961122287783,-0.005348089409828798,99.56799999999947,1,934.0,9199.999532766864,2000.0,11199.999532766864,1,0,0
109,140.9980835877763,0.11836802436008702,-0.010995770274922271,99.56399999999947,1,932.0,9199.99986856142,2000.0,11199.99986856142,1,0,0
110,141.01597007890481,0.10980219033174962,-0.014180894956528158,99.55999999999946,1,930.0,9199.999993735006,2000.0,11199.999993735006,1,0,0
111,141.02437103447522,0.11010248279246021,-0.02348072331979417,99.55599999999946,1,928.0,9199.999564932257,2000.0,11199.999564932257,1,0,0
112,141.03785234269043,0.11807913131607521,-0.019818788676498396,99.55199999999945,1,926.0,9199.998986810491,2000.0,11199.998986810491,1,0,0
113,141.02211823125793,0.12379933402089854,-0.019664062385278784,99.54799999999945,1,924.0,9199.99755584765,2000.0,11199.99755584765,1,0,0
114,141.01198189822622,0.12309186517444345,-0.01607134794024292,99.54399999999944,1,922.0,9199.99916546694,2000.0,11199.99916546694,1,0,0
115,140.992634575642,0.11396988275907055,-0.011557455258016675,99.53999999999944,1,920.0,9199.999755097051,2000.0,11199.999755097051,1,0,0
116,140.97360057253,0.11496604155615656,-0.007413951120159868,99.53599999999943,1,918.0,9199.999907458121,2000.0,11199.999907458121,1,0,0
117,140.99311448469373,0.12395012378977945,0.0014308059429533684,99.53199999999943,1,916.0,9199.998811137108,2000.0,11199.998811137108,1,0,0
118,141.01138495138716,0.11762164250492335,0.005044934914250114,99.52799999999942,1,914.0,9199.999919124746,2000.0,11199.999919124746,1,0,0
119,141.00330014213856,0.11491015303499612,0.006789280590812461,99.52399999999942,1,912.0,9199.99977889166,2000.0,11199.99977889166,1,0,0
120,141.00241820198923,0.12160337624040969,-0.0022047826700118955,99.51999999999941,1,910.0,9199.99998142161,2000.0,11199.99998142161,1,0,0
121,140.99927501710235,0.12679627211129882,-0.010377486695274787,99.51599999999941,1,908.0,9199.999990024655,2000.0,11199.999990024655,1,0,0
122,141.0070606487556,0.1322606795684291,-0.014815234672798282,99.5119999999994,1,906.0,9199.999999103398,2000.0,11199.999999103398,1,0,0
123,141.00650996984086,0.13964972144508372,-0.012233565904234026,99.5079999999994,1,904.0,9199.99991495829,2000.0,11199.99991495829,1,0,0
124,141.02563418808785,0.14118738070117492,-0.013133169209252872,99.5039999999994,1,902.0,9199.999927706254,2000.0,11199.999927706254,1,0,0
125,141.02358478189097,0.1354511268169218,-0.022558681467699307,99.49999999999939,1,900.0,9199.998879061235,2000.0,11199.998879061235,1,0,0
126,141.02787920039194,0.1394563684572626,-0.024410001266237102,99.49599999999938,1,898.0,9199.999051130504,2000.0,11199.999051130504,1,0,0
127,141.0268757400449,0.14522931097112107,-0.02471913389915406,99.49199999999938,1,896.0,9199.998674122562,2000.0,11199.998674122562,1,0,0
128,141.0336830470634,0.15278104370810022,-0.03392782904586988,99.48799999999937,1,894.0,9199.998767849896,2000.0,11199.998767849896,1,0,0
129,141.04847570331472,0.16054726713290904,-0.02687295947216621,99.48399999999937,1,892.0,9199.998064623363,2000.0,11199.998064623363,1,0,0
130,141.03979693286135,0.16961185729275502,-0.021279819156859885,99.47999999999936,1,890.0,9199.995991416135,2000.0,11199.995991416135,1,0,0
131,141.04598983621813,0.16544203113240652,-0.01414520445953287,99.47599999999936,1,888.0,9199.997298269973,2000.0,11199.997298269973,1,0,0
132,141.04221678511772,0.16352601894148333,-0.013474706305877463,99.47199999999935,1,886.0,9199.996392000532,2000.0,11199.996392000532,1,0,0
133,141.0373534640106,0.168384342824649,-0.004378369346081407,99.46799999999935,1,884.0,9199.99695972367,2000.0,11199.99695972367,1,0,0
134,141.029682250688,0.16061207917692427,-0.00933405252225002,99.46399999999934,1,882.0,9199.997619848988,2000.0,11199.997619848988,1,0,0
135,141.04903083372162,0.16053394054187095,-0.018023058004644068,99.45999999999934,1,880.0,9199.99849707811,2000.0,11199.99849707811,1,0,0
136,141.05679327054685,0.15208904847924345,-0.027503931623730948,99.45599999999934,1,878.0,9199.995899080051,2000.0,11199.995899080051,1,0,0
137,141.0700436235591,0.1539078333138098,-0.036047472965193096,99.45199999999933,1,876.0,9199.994497798578,2000.0,11199.994497798578,1,0,0
138,141.0563133487403,0.15268333636385858,-0.03303345810736505,99.44799999999933,1,874.0,9199.991630877616,2000.0,11199.991630877616,1,0,0
139,141.0634174976987,0.15785637258839866,-0.037451700630108234,99.44399999999932,1,872.0,9199.99459039649,2000.0,11199.99459039649,1,0,0
140,141.07141010982437,0.15869199652392282,-0.04174635173163202,99.43999999999932,1,870.0,9199.9931394186,2000.0,11199.9931394186,1,0,0
141,141.0885564311709,0.15912454473120594,-0.04950874593934387,99.43599999999931,1,868.0,9199.991301144675,2000.0,11199.991301144675,1,0,0
142,141.0766413688697,0.152477476053412,-0.05744724450871541,99.4319999999993,1,866.0,9199.986622255781,2000.0,11199.986622255781,1,0,0
143,141.0867518383591,0.14965915752131312,-0.05657991590851251,99.4279999999993,1,864.0,9199.98997996581,2000.0,11199.98997996581,1,0,0
144,141.09058149196687,0.1482270772815195,-0.06412290628135343,99.4239999999993,1,862.0,9199.987161920739,2000.0,11199.987161920739,1,0,0
145,141.09650123368516,0.14717086305356336,-0.06186908062698598,99.41999999999929,1,860.0,9199.986003430304,2000.0,11199.986003430304,1,0,0
146,141.09746318685373,0.15504141877736327,-0.05954075774158123,99.41599999999929,1,858.0,9199.984114225608,2000.0,11199.984114225608,1,0,0
147,141.07823194166428,0.145532518790593,-0.06589114589142606,99.41199999999928,1,856.0,9199.983795938859,2000.0,11199.983795938859,1,0,0
148,141.09234241671078,0.15335256345982312,-0.06653591955967014,99.40799999999928,1,854.0,9199.98955974964,2000.0,11199.98955974964,1,0,0
149,141.07812427808867,0.15470101721250118,-0.06441930494169656,99.40399999999927,1,852.0,9199.985453947827,2000.0,11199.985453947827,1,0,0
150,141.08094757970386,0.15045322387201326,-0.05801781619331279,99.39999999999927,1,850.0,9199.989588465814,2000.0,11199.989588465814,1,0,0
151,141.06137189162465,0.15244882935641638,-0.050707023248819094,99.39599999999926,1,848.0,9199.988822352072,2000.0,11199.988822352072,1,0,0
152,141.05653248869356,0.16016979857411417,-0.048513095489414765,99.39199999999926,1,846.0,9199.993574872657,2000.0,11199.993574872657,1,0,0
153,141.07413800918164,0.15557324205375744,-0.04600513346617101,99.38799999999925,1,844.0,9199.994548212291,2000.0,11199.994548212291,1,0,0
154,141.08723499937693,0.14704756184490206,-0.03721451904624483,99.38399999999925,1,842.0,9199.990623850115,2000.0,11199.990623850115,1,0,0
155,141.08932959754614,0.14651513498144958,-0.028480989146849975,99.37999999999924,1,840.0,9199.98701852017,2000.0,11199.98701852017,1,0,0
156,141.08620795810612,0.1545562513375508,-0.036465877479753765,99.37599999999924,1,838.0,9199.986387639912,2000.0,11199.986387639912,1,0,0
157,141.07882037819797,0.15392595481596455,-0.04062204797898086,99.37199999999923,1,836.0,9199.987322389705,2000.0,11199.987322389705,1,0,0
158,141.09777748738497,0.14869776516071873,-0.047288916099553296,99.36799999999923,1,834.0,9199.989402102312,2000.0,11199.989402102312,1,0,0
159,141.09638482030894,0.1492878941694229,-0.04428347144624244,99.36399999999922,1,832.0,9199.983691260246,2000.0,11199.983691260246,1,0,0
160,141.08494012387092,0.14631394028573086,-0.04755779550430079,99.35999999999922,1,830.0,9199.984152529798,2000.0,11199.984152529798,1,0,0
161,141.08977667474886,0.15168082405631433,-0.040978468099366325,99.35599999999921,1,828.0,9199.987692539158,2000.0,11199.987692539158,1,0,0
162,141.07665777738433,0.1442780174775992,-0.03309979203330704,99.35199999999921,1,826.0,9199.986251044564,2000.0,11199.986251044564,1,0,0
163,141.07236482225974,0.14831936136941284,-0.042492379659578985,99.3479999999992,1,824.0,9199.98997567488,2000.0,11199.98997567488,1,0,0
164,141.06239253504378,0.14279152198831654,-0.05080399721461644,99.3439999999992,1,822.0,9199.991066992388,2000.0,11199.991066992388,1,0,0
165,141.07972091847668,0.13685157577893817,-0.06056584290023202,99.3399999999992,1,820.0,9199.993359389886,2000.0,11199.993359389886,1,0,0
166,141.0609440441572,0.1352366098026181,-0.05735594311131112,99.33599999999919,1,818.0,9199.989158552291,2000.0,11199.989158552291,1,0,0
167,141.07793334602337,0.13364838769709358,-0.05148612422971672,99.33199999999918,1,816.0,9199.993664144538,2000.0,11199.993664144538,1,0,0
168,141.05925077803448,0.13969810419870876,-0.047098876603645985,99.32799999999918,1,814.0,9199.98963929422,2000.0,11199.98963929422,1,0,0
169,141.07260312413692,0.1362773038011398,-0.038018976832877506,99.32399999999917,1,812.0,9199.994011323708,2000.0,11199.994011323708,1,0,0
170,141.066966684172,0.13564751194498345,-0.029557709371916506,99.31999999999917,1,810.0,9199.991008061621,2000.0,11199.991008061621,1,0,0
171,141.06033826263078,0.13533097102060188,-0.027210009255875172,99.31599999999916,1,808.0,9199.992350019926,2000.0,11199.992350019926,1,0,0
172,141.06565491266215,0.14092792170220625,-0.035204496815003164,99.31199999999916,1,806.0,9199.99378947486,2000.0,11199.99378947486,1,0,0
173,141.05544497028444,0.13450431321934586,-0.03350583180591628,99.30799999999915,1,804.0,9199.992646786588,2000.0,11199.992646786588,1,0,0
174,141.06549555123692,0.13688387374282726,-0.036303060792003496,99.30399999999915,1,802.0,9199.99475594741,2000.0,11199.99475594741,1,0,0
175,141.06332807534292,0.1394663640307928,-0.04331496161725421,99.29999999999914,1,800.0,9199.992682439559,2000.0,11199.992682439559,1,0,0
176,141.06321936134114,0.12973891368291407,-0.03884542118007365,99.29599999999914,1,798.0,9199.993158752593,2000.0,11199.993158752593,1,0,0
177,141.07157783419717,0.12810789647964654,-0.04212686492964986,99.29199999999913,1,796.0,9199.99318222089,2000.0,11199.99318222089,1,0,0
178,141.06402669419128,0.12415777166898194,-0.04150226002755558,99.28799999999913,1,794.0,9199.991260233848,2000.0,11199.991260233848,1,0,0
179,141.07697801825026,0.13222401283032836,-0.04058780192069593,99.28399999999912,1,792.0,9199.993006978313,2000.0,11199.993006978313,1,0,0
180,141.09350646769838,0.12734242935884463,-0.030635527123730057,99.27999999999912,1,790.0,9199.989891745929,2000.0,11199.989891745929,1,0,0
181,141.09619295744457,0.1339493615088546,-0.035772732204498676,99.27599999999912,1,788.0,9199.985084906899,2000.0,11199.985084906899,1,0,0
182,141.11330354407647,0.1306821294442103,-0.043958883856568265,99.27199999999911,1,786.0,9199.984215558687,2000.0,11199.984215558687,1,0,0
183,141.10705761318155,0.12105088699912521,-0.0487170175733949,99.2679999999991,1,784.0,9199.978100731427,2000.0,11199.978100731427,1,0,0
184,141.10788939179008,0.1271299166743062,-0.050031118708923905,99.2639999999991,1,782.0,9199.98044860503,2000.0,11199.98044860503,1,0,0
185,141.11793521466353,0.13074824335079058,-0.057048045739366664,99.2599999999991,1,780.0,9199.980143617804,2000.0,11199.980143617804,1,0,0
186,141.10693320038166,0.12155036909684754,-0.05268218859604368,99.25599999999909,1,778.0,9199.976273722115,2000.0,11199.976273722115,1,0,0
187,141.08804426774833,0.13108556779072325,-0.045220745197115074,99.25199999999909,1,776.0,9199.980494020385,2000.0,11199.980494020385,1,0,0
188,141.0793993404724,0.13961908366192796,-0.054094467556316125,99.24799999999908,1,774.0,9199.98677654784,2000.0,11199.98677654784,1,0,0
189,141.0896170655226,0.13267254628154584,-0.05307871775585859,99.24399999999908,1,772.0,9199.989245840272,2000.0,11199.989245840272,1,0,0
190,141.08559176065035,0.13953031619786674,-0.04780963066333101,99.23999999999907,1,770.0,9199.986299888185,2000.0,11199.986299888185,1,0,0
191,141.08017142853504,0.14298160498894438,-0.03784465421354419,99.23599999999907,1,768.0,9199.987502976066,2000.0,11199.987502976066,1,0,0
192,141.06418216707064,0.14377804144174638,-0.04608544270419006,99.23199999999906,1,766.0,9199.989035674105,2000.0,11199.989035674105,1,0,0
193,141.07589924062154,0.14670184232968475,-0.0389060934576193,99.22799999999906,1,764.0,9199.99297297546,2000.0,11199.99297297546,1,0,0
194,141.0838466944294,0.1402584843552063,-0.04630145583437463,99.22399999999905,1,762.0,9199.990173076838,2000.0,11199.990173076838,1,0,0
195,141.06526475242498,0.13814988997469566,-0.04763541267017084,99.21999999999905,1,760.0,9199.988007366104,2000.0,11199.988007366104,1,0,0
196,141.05821764836762,0.1446581835190888,-0.054815902146734805,99.21599999999904,1,758.0,9199.992733921174,2000.0,11199.992733921174,1,0,0
197,141.03914758269875,0.14279287220842218,-0.04844395136511046,99.21199999999904,1,756.0,9199.994218346743,2000.0,11199.994218346743,1,0,0
198,141.04039011200092,0.15244438380108594,-0.055652964893985565,99.20799999999903,1,754.0,9199.997385716717,2000.0,11199.997385716717,1,0,0
199,141.05164406856127,0.14749614620864498,-0.0487652998852286,99.20399999999903,1,752.0,9199.997217130385,2000.0,11199.997217130385,1,0,0
200,141.05176293241803,0.13877679108556157,-0.055941086015852785,99.19999999999902,1,750.0,9199.995450290886,2000.0,11199.995450290886,1,0,0
201,141.06957295494473,0.12914461170305397,-0.04900603148337896,99.19599999999902,1,748.0,9199.995429323588,2000.0,11199.995429323588,1,0,0
202,141.0771190576792,0.1258022357204032,-0.04426521195697886,99.19199999999901,1,746.0,9199.991742974848,2000.0,11199.991742974848,1,0,0
203,141.08036685985638,0.12849484192855384,-0.046357643143635975,99.18799999999901,1,744.0,9199.989854671234,2000.0,11199.989854671234,1,0,0
204,141.07278726378848,0.13678407699888864,-0.047938491762165504,99.183999999999,1,742.0,9199.988982154191,2000.0,11199.988982154191,1,0,0
205,141.06683598568316,0.13174541695220138,-0.03924068932316826,99.179999999999,1,740.0,9199.990962392185,2000.0,11199.990962392185,1,0,0
206,141.04775311113104,0.13262374143429007,-0.04405376035033045,99.175999999999,1,738.0,9199.992379851627,2000.0,11199.992379851627,1,0,0
207,141.03639544864427,0.1369909340045148,-0.03788036240774423,99.17199999999899,1,736.0,9199.996110031543,2000.0,11199.996110031543,1,0,0
208,141.05195410700003,0.1318927621424043,-0.04496755794351935,99.16799999999898,1,734.0,9199.997740372237,2000.0,11199.997740372237,1,0,0
209,141.06322800117874,0.12534140134576324,-0.048133483183504217,99.16399999999898,1,732.0,9199.995395499744,2000.0,11199.995395499744,1,0,0
210,141.04978508121835,0.1271172672601747,-0.055238325736500685,99.15999999999897,1,730.0,9199.993180357264,2000.0,11199.993180357264,1,0,0
211,141.03865813569902,0.12282158344801568,-0.06314723473584831,99.15599999999897,1,728.0,9199.995771939675,2000.0,11199.995771939675,1,0,0
212,141.05405505832766,0.11939246182372873,-0.06705721595349652,99.15199999999896,1,726.0,9199.997450678795,2000.0,11199.997450678795,1,0,0
213,141.0417253907683,0.11043866917391419,-0.059580612823742815,99.14799999999896,1,724.0,9199.99501557104,2000.0,11199.99501557104,1,0,0
214,141.0237585059746,0.10859947310615918,-0.055295704179884206,99.14399999999895,1,722.0,9199.997030088089,2000.0,11199.997030088089,1,0,0
215,141.01681466577088,0.10879002878855515,-0.0542905048677877,99.13999999999895,1,720.0,9199.99903710039,2000.0,11199.99903710039,1,0,0
216,141.0048508033369,0.10986646746348228,-0.05257743249166807,99.13599999999894,1,718.0,9199.999517697806,2000.0,11199.999517697806,1,0,0
217,141.00276287219435,0.10010008500236861,-0.06044341744105823,99.13199999999894,1,716.0,9199.999959860672,2000.0,11199.999959860672,1,0,0
218,141.00924547495973,0.09496767928081719,-0.06279100847503569,99.12799999999893,1,714.0,9199.999986978399,2000.0,11199.999986978399,1,0,0
219,141.0120366340378,0.08668123150224583,-0.0661053590907573,99.12399999999893,1,712.0,9199.999854185331,2000.0,11199.999854185331,1,0,0
220,141.0222881853492,0.08790642202171924,-0.06661790292140593,99.11999999999892,1,710.0,9199.999752854405,2000.0,11199.999752854405,1,0,0
221,141.0099890887482,0.0816097722605544,-0.07260592368815744,99.11599999999892,1,708.0,9199.999152592743,2000.0,11199.999152592743,1,0,0
222,140.99000203809845,0.08310415776282815,-0.07801428316712518,99.11199999999891,1,706.0,9199.999829786304,2000.0,11199.999829786304,1,0,0
223,140.9994653987408,0.09007135257338862,-0.07154615247383449,99.10799999999891,1,704.0,9199.999829483771,2000.0,11199.999829483771,1,0,0
224,140.99110715389855,0.08693774658999245,-0.07822208057390265,99.1039999999989,1,702.0,9199.999999512467,2000.0,11199.999999512467,1,0,0
225,141.0048750927461,0.08633296674873539,-0.07120611497539624,99.0999999999989,1,700.0,9199.999865096159,2000.0,11199.999865096159,1,0,0
226,140.98645287484268,0.08798087157869235,-0.07235637943015535,99.0959999999989,1,698.0,9199.999959457688,2000.0,11199.999959457688,1,0,0
227,140.9778186067726,0.07915256922721595,-0.07358734831927768,99.09199999999889,1,696.0,9199.999686933175,2000.0,11199.999686933175,1,0,0
228,140.96797108725357,0.08441096874252257,-0.07153452622266908,99.08799999999889,1,694.0,9199.999160693862,2000.0,11199.999160693862,1,0,0
229,140.94912016961905,0.08456067803045356,-0.06688051045715923,99.08399999999888,1,692.0,9199.998250043942,2000.0,11199.998250043942,1,0,0
230,140.95839799281288,0.0825596218810653,-0.06613635067109642,99.07999999999888,1,690.0,9199.995583949376,2000.0,11199.995583949376,1,0,0
231,140.9729571748644,0.08423097674187273,-0.06433926026265692,99.07599999999887,1,688.0,9199.997047626406,2000.0,11199.997047626406,1,0,0
232,140.99271678410713,0.07980425905724889,-0.05729883507912194,99.07199999999887,1,686.0,9199.998752481844,2000.0,11199.998752481844,1,0,0
233,140.9810484777813,0.08561231985824104,-0.06577347217986419,99.06799999999886,1,684.0,9199.999909512388,2000.0,11199.999909512388,1,0,0
234,140.9658971161764,0.08134230491055848,-0.0627205889636024,99.06399999999886,1,682.0,9199.999387323875,2000.0,11199.999387323875,1,0,0
235,140.98483383239744,0.08195171931383594,-0.06543493836370934,99.05999999999885,1,680.0,9199.99801607632,2000.0,11199.99801607632,1,0,0
236,140.99185989374135,0.07271946929910555,-0.07394715924202097,99.05599999999885,1,678.0,9199.999607631204,2000.0,11199.999607631204,1,0,0
237,140.99115248979572,0.06481414196265681,-0.07299227491559077,99.05199999999884,1,676.0,9199.999886967611,2000.0,11199.999886967611,1,0,0
238,140.9995302389765,0.07018374885118847,-0.0715799325348262,99.04799999999884,1,674.0,9199.999866468139,2000.0,11199.999866468139,1,0,0
239,140.99629727120734,0.07713615899434498,-0.07597305593624085,99.04399999999883,1,672.0,9199.999999623558,2000.0,11199.999999623558,1,0,0
240,141.00803473613277,0.08568249383911934,-0.07857896654169842,99.03999999999883,1,670.0,9199.999976612351,2000.0,11199.999976612351,1,0,0
241,140.998446724415,0.08675695247260301,-0.08763300717389043,99.03599999999882,1,668.0,9199.999889874978,2000.0,11199.999889874978,1,0,0
242,140.97914298397725,0.09052562696511518,-0.07791254998119504,99.03199999999882,1,666.0,9199.999995884336,2000.0,11199.999995884336,1,0,0
243,140.9941861259407,0.09080571917769814,-0.08319855533871609,99.02799999999881,1,664.0,9199.999257926185,2000.0,11199.999257926185,1,0,0
244,140.99954971394075,0.08323561501685597,-0.08060628661985104,99.02399999999881,1,662.0,9199.999942340084,2000.0,11199.999942340084,1,0,0
245,141.01248485484928,0.08140423535798616,-0.0768178486523261,99.0199999999988,1,660.0,9199.999999654123,2000.0,11199.999999654123,1,0,0
246,141.01957356005204,0.09101935946022854,-0.07974792028119897,99.0159999999988,1,658.0,9199.999734105255,2000.0,11199.999734105255,1,0,0
247,141.02695438338017,0.09507606226458865,-0.0797366529547647,99.01199999999879,1,656.0,9199.999346444605,2000.0,11199.999346444605,1,0,0
248,141.02302113263113,0.09905371575924252,-0.08464290393945163,99.00799999999879,1,654.0,9199.998760628352,2000.0,11199.998760628352,1,0,0
249,141.04116347619512,0.0907994439123738,-0.09233472997215722,99.00399999999878,1,652.0,9199.999095942341,2000.0,11199.999095942341,1,0,0
250,141.05039347538408,0.08157334358421708,-0.08632114210938023,98.99999999999878,1,650.0,9199.997109540891,2000.0,11199.997109540891,1,0,0
251,141.05422679274724,0.07482929538378894,-0.09451847367677835,98.99599999999877,1,648.0,9199.995667971001,2000.0,11199.995667971001,1,0,0
252,141.06645400663027,0.08229176237124251,-0.09737357854890076,98.99199999999877,1,646.0,9199.994983849396,2000.0,11199.994983849396,1,0,0
253,141.05890882989544,0.0811796616058201,-0.0987260319165604,98.98799999999876,1,644.0,9199.992466703612,2000.0,11199.992466703612,1,0,0
254,141.07322413959466,0.08285357471386419,-0.08980609644173189,98.98399999999876,1,642.0,9199.994080247947,2000.0,11199.994080247947,1,0,0
255,141.08745576295934,0.08971296711419831,-0.08841070307716119,98.97999999999875,1,640.0,9199.990853577525,2000.0,11199.990853577525,1,0,0
256,141.0688708814712,0.09101045372648053,-0.08077235448572323,98.97599999999875,1,638.0,9199.986952733187,2000.0,11199.986952733187,1,0,0
257,141.05627566908592,0.09186830723035018,-0.07312899570741584,98.97199999999874,1,636.0,9199.991908780314,2000.0,11199.991908780314,1,0,0
258,141.0429762699898,0.09423571406528386,-0.07620024230667162,98.96799999999874,1,634.0,9199.994597633275,2000.0,11199.994597633275,1,0,0
259,141.0625551157058,0.0966956300729703,-0.08052331803658316,98.96399999999873,1,632.0,9199.996849349856,2000.0,11199.996849349856,1,0,0
260,141.0558803791906,0.09450592010861691,-0.07803572154640298,98.95999999999873,1,630.0,9199.993324736979,2000.0,11199.993324736979,1,0,0
261,141.03703719552044,0.08698415664742665,-0.07473897816980091,98.95599999999872,1,628.0,9199.994673261011,2000.0,11199.994673261011,1,0,0
262,141.04948160574313,0.08974023685310387,-0.0675798255701415,98.95199999999872,1,626.0,9199.997659983414,2000.0,11199.997659983414,1,0,0
263,141.05229223765033,0.09728838987271088,-0.07509912741132942,98.94799999999871,1,624.0,9199.995823328636,2000.0,11199.995823328636,1,0,0
264,141.06230013420634,0.09466304671197505,-0.0747144680540798,98.94399999999871,1,622.0,9199.995335370177,2000.0,11199.995335370177,1,0,0
265,141.05465369862188,0.09929285872697848,-0.06528204577383642,98.9399999999987,1,620.0,9199.993379044272,2000.0,11199.993379044272,1,0,0
266,141.06661327454702,0.10260508674402544,-0.059218893834106834,98.9359999999987,1,618.0,9199.99490455821,2000.0,11199.99490455821,1,0,0
267,141.06303756296296,0.09317346669030849,-0.06254949332415347,98.9319999999987,1,616.0,9199.992430550788,2000.0,11199.992430550788,1,0,0
268,141.07937833231628,0.0933483408310335,-0.05946395736833282,98.92799999999869,1,614.0,9199.993221375948,2000.0,11199.993221375948,1,0,0
269,141.0910513622793,0.08546155531791151,-0.05966501941267224,98.92399999999868,1,612.0,9199.989251530373,2000.0,11199.989251530373,1,0,0
270,141.09685826731055,0.08155853433832023,-0.0568012833772565,98.91999999999868,1,610.0,9199.985857845853,2000.0,11199.985857845853,1,0,0
271,141.08397505997934,0.07602950291990962,-0.05251409612804937,98.91599999999868,1,608.0,9199.983996460349,2000.0,11199.983996460349,1,0,0
272,141.0690592904,0.07456341715659813,-0.04295911829489916,98.91199999999867,1,606.0,9199.987970617625,2000.0,11199.987970617625,1,0,0
273,141.06236710025857,0.07086677025516996,-0.04018453078147078,98.90799999999867,1,604.0,9199.991864449734,2000.0,11199.991864449734,1,0,0
274,141.0794906314726,0.08030489524891132,-0.03893973920079922,98.90399999999866,1,602.0,9199.993364802971,2000.0,11199.993364802971,1,0,0
275,141.08761429335323,0.0735904881878493,-0.03515277117593357,98.89999999999866,1,600.0,9199.989221096432,2000.0,11199.989221096432,1,0,0
276,141.09536928385631,0.0758477728384252,-0.030910724482335887,98.89599999999865,1,598.0,9199.986905388963,2000.0,11199.986905388963,1,0,0
277,141.10474275046133,0.08363921541987489,-0.02968424013576547,98.89199999999865,1,596.0,9199.984484716882,2000.0,11199.984484716882,1,0,0
278,141.11903812277674,0.08822990443359022,-0.03558882398814416,98.88799999999864,1,594.0,9199.981284967349,2000.0,11199.981284967349,1,0,0
279,141.13621402266557,0.08155275429188767,-0.04265762074844171,98.88399999999864,1,592.0,9199.975827879816,2000.0,11199.975827879816,1,0,0
280,141.14830564143,0.07527798685395053,-0.04142913322271044,98.87999999999863,1,590.0,9199.968349090435,2000.0,11199.968349090435,1,0,0
281,141.16394589228008,0.07366328484202861,-0.04570353511555367,98.87599999999863,1,588.0,9199.9624804291,2000.0,11199.9624804291,1,0,0
282,141.16386842734488,0.06426424814843425,-0.048836193717415426,98.87199999999862,1,586.0,9199.954149556022,2000.0,11199.954149556022,1,0,0
283,141.17025249437617,0.05831370750611985,-0.050476477443241026,98.86799999999862,1,584.0,9199.954192874706,2000.0,11199.954192874706,1,0,0
284,141.1609580561841,0.0643403070140127,-0.04240170355089234,98.86399999999861,1,582.0,9199.9505541998,2000.0,11199.9505541998,1,0,0
285,141.1547928109325,0.06106562131895649,-0.034666408604496254,98.8599999999986,1,580.0,9199.955805531647,2000.0,11199.955805531647,1,0,0
286,141.17272701092747,0.06044811648132288,-0.04027918047994829,98.8559999999986,1,578.0,9199.959126288835,2000.0,11199.959126288835,1,0,0
287,141.1863548538135,0.056330074904324144,-0.048581026779278585,98.8519999999986,1,576.0,9199.949106426222,2000.0,11199.949106426222,1,0,0
288,141.2036458838288,0.06381685030250536,-0.03898678994463739,98.84799999999859,1,574.0,9199.940758806813,2000.0,11199.940758806813,1,0,0
289,141.20474746643376,0.07012092412936917,-0.04642011984698689,98.84399999999859,1,572.0,9199.929255354002,2000.0,11199.929255354002,1,0,0
290,141.1914920074342,0.07640290272666989,-0.04965836287118126,98.83999999999858,1,570.0,9199.92848792612,2000.0,11199.92848792612,1,0,0
291,141.17942601199243,0.07727971847623452,-0.051583865427373,98.83599999999858,1,568.0,9199.93744764544,2000.0,11199.93744764544,1,0,0
292,141.18976670380405,0.0685197059111508,-0.04892024079133664,98.83199999999857,1,566.0,9199.945082189257,2000.0,11199.945082189257,1,0,0
293,141.20191974203107,0.0648203088583842,-0.052647977478681225,98.82799999999857,1,564.0,9199.938569734355,2000.0,11199.938569734355,1,0,0
294,141.18374861956988,0.06120753856074091,-0.05902055320588653,98.82399999999856,1,562.0,9199.930449560592,2000.0,11199.930449560592,1,0,0
295,141.17840145713092,0.06211552913419824,-0.06720563392013137,98.81999999999856,1,560.0,9199.942404233794,2000.0,11199.942404233794,1,0,0
296,141.17642408716898,0.06354842776828312,-0.06892546431128665,98.81599999999855,1,558.0,9199.945707579285,2000.0,11199.945707579285,1,0,0
297,141.1790733747981,0.05377560597075865,-0.0608508755411921,98.81199999999855,1,556.0,9199.94690444349,2000.0,11199.94690444349,1,0,0
298,141.19346949121277,0.04461658377478066,-0.05556406165835509,98.80799999999854,1,554.0,9199.945297843788,2000.0,11199.945297843788,1,0,0
299,141.213456300026,0.04074243421596452,-0.0535771941406365,98.80399999999854,1,552.0,9199.93614905509,2000.0,11199.93614905509,1,0,0
300,141.22161378014502,0.04568287028093648,-0.05617358738082182,98.79999999999853,1,550.0,9199.92227509241,2000.0,11199.92227509241,1,0,0
301,141.20811936260648,0.04860693006498141,-0.0611165554939457,98.79599999999853,1,548.0,9199.916220889667,2000.0,11199.916220889667,1,0,0
302,141.19477274996245,0.05473591201152414,-0.059767737308728607,98.79199999999852,1,546.0,9199.926113131765,2000.0,11199.926113131765,1,0,0
303,141.1872688061666,0.0646836554721947,-0.050653258404391145,98.78799999999852,1,544.0,9199.935285926771,2000.0,11199.935285926771,1,0,0
304,141.17538856201915,0.0677890067735204,-0.04560231011666562,98.78399999999851,1,542.0,9199.940176301463,2000.0,11199.940176301463,1,0,0
305,141.15618011768882,0.05782043433312285,-0.051448442294687445,98.77999999999851,1,540.0,9199.947525904921,2000.0,11199.947525904921,1,0,0
306,141.1621403505738,0.05886483437082065,-0.059144983868601744,98.7759999999985,1,538.0,9199.958390357468,2000.0,11199.958390357468,1,0,0
307,141.15058178699365,0.053826118172095906,-0.06420275162256671,98.7719999999985,1,536.0,9199.955153899304,2000.0,11199.955153899304,1,0,0
308,141.15161155599293,0.06210771902025624,-0.07015950306419462,98.7679999999985,1,534.0,9199.961319916258,2000.0,11199.961319916258,1,0,0
309,141.14530339351347,0.06218029820220464,-0.06711259511735554,98.76399999999849,1,532.0,9199.960789072193,2000.0,11199.960789072193,1,0,0
310,141.14616465546874,0.06303748849310026,-0.05790715799584743,98.75999999999848,1,530.0,9199.963984118902,2000.0,11199.963984118902,1,0,0
311,141.1549621991836,0.0531790470815129,-0.05569081418170304,98.75599999999848,1,528.0,9199.96355589736,2000.0,11199.96355589736,1,0,0
312,141.17370470000466,0.05635040132751719,-0.0512899496626472,98.75199999999847,1,526.0,9199.959036784545,2000.0,11199.959036784545,1,0,0
313,141.18076889470862,0.06384078957322786,-0.06097019549597378,98.74799999999847,1,524.0,9199.948528648887,2000.0,11199.948528648887,1,0,0
314,141.19619275694478,0.0707362592840618,-0.06646470177662729,98.74399999999847,1,522.0,9199.944257068146,2000.0,11199.944257068146,1,0,0
315,141.20494129707305,0.062994688756206,-0.06359299084671029,98.73999999999846,1,520.0,9199.934338881276,2000.0,11199.934338881276,1,0,0
316,141.21232282804849,0.057922246805439434,-0.058593993403678254,98.73599999999846,1,518.0,9199.92835246386,2000.0,11199.92835246386,1,0,0
317,141.21797619795527,0.06611663320843282,-0.0594638677563755,98.73199999999845,1,516.0,9199.923098352225,2000.0,11199.923098352225,1,0,0
318,141.21233633222133,0.07195632018039996,-0.05204294229833728,98.72799999999845,1,514.0,9199.918948625409,2000.0,11199.918948625409,1,0,0
319,141.21332665804437,0.07211452924721802,-0.04278997252226289,98.72399999999844,1,512.0,9199.923088569716,2000.0,11199.923088569716,1,0,0
320,141.2290309994877,0.0650186561581449,-0.03644542227338858,98.71999999999844,1,510.0,9199.922369475562,2000.0,11199.922369475562,1,0,0
321,141.2482296968494,0.06739792666385072,-0.03929692929515434,98.71599999999843,1,508.0,9199.910519022324,2000.0,11199.910519022324,1,0,0
322,141.2343945577226,0.06246124449834043,-0.0418465481903853,98.71199999999843,1,506.0,9199.894888663872,2000.0,11199.894888663872,1,0,0
323,141.22832275684476,0.05489122174324755,-0.04616556860081784,98.70799999999842,1,504.0,9199.906278937357,2000.0,11199.906278937357,1,0,0
324,141.22722875589642,0.06233912441027925,-0.045806774434176085,98.70399999999842,1,502.0,9199.911071577855,2000.0,11199.911071577855,1,0,0
325,141.20780359641722,0.05274771868430705,-0.04687220589382847,98.69999999999841,1,500.0,9199.911921730303,2000.0,11199.911921730303,1,0,0
326,141.18862071028943,0.042847264441266936,-0.051050135310862346,98.6959999999984,1,498.0,9199.926337169065,2000.0,11199.926337169065,1,0,0
327,141.18409637041452,0.03784854430454495,-0.04429471426487352,98.6919999999984,1,496.0,9199.939309443207,2000.0,11199.939309443207,1,0,0
328,141.16865162286672,0.036114660591169336,-0.04425922290494307,98.6879999999984,1,494.0,9199.94218602359,2000.0,11199.94218602359,1,0,0
329,141.16543159570188,0.040839882280951784,-0.04108354748302841,98.68399999999839,1,492.0,9199.951479697726,2000.0,11199.951479697726,1,0,0
330,141.15613972062604,0.03824265086571173,-0.03250653923411345,98.67999999999839,1,490.0,9199.953314783395,2000.0,11199.953314783395,1,0,0
331,141.15058055024184,0.04386664707430795,-0.03326067228883524,98.67599999999838,1,498.0,9699.958411879912,1500.0,11199.958411879912,0,0,0
332,141.13189799508947,0.047992676619398364,-0.04138285304035837,98.67199999999838,1,506.0,9699.961320551627,1500.0,11199.961320551627,0,0,0
333,141.1323914235683,0.051307763739047045,-0.03804879245944515,98.66799999999837,1,514.0,9699.970323070935,1500.0,11199.970323070935,0,0,0
334,141.11999693538647,0.05797781114371023,-0.039077047950184615,98.66399999999837,1,522.0,9699.970100613786,1500.0,11199.970100613786,0,0,0
335,141.12342959008996,0.058611352340909376,-0.03686698134074326,98.65999999999836,1,530.0,9699.975436914901,1500.0,11199.975436914901,0,0,0
336,141.12375278825309,0.061736771217577806,-0.03784309677268422,98.65599999999836,1,538.0,9699.974011502756,1500.0,11199.974011502756,0,0,0
337,141.12165306756444,0.06145390186086845,-0.03547466280221387,98.65199999999835,1,546.0,9699.973875223794,1500.0,11199.973875223794,0,0,0
338,141.12005351642676,0.058472963749177514,-0.036551590926490116,98.64799999999835,1,554.0,9699.974754223802,1500.0,11199.974754223802,0,0,0
339,141.12811600448254,0.04971511577847726,-0.04379992343842905,98.64399999999834,1,562.0,9699.975413745442,1500.0,11199.975413745442,0,0,0
340,141.14450930415424,0.05645010504812472,-0.043049850601846726,98.63999999999834,1,570.0,9699.972000559494,1500.0,11199.972000559494,0,0,0
341,141.14742960954305,0.04833434988483707,-0.04427558092764165,98.63599999999833,1,578.0,9699.964376699729,1500.0,11199.964376699729,0,0,0
342,141.15778220749857,0.04115723178538143,-0.036686767479402936,98.63199999999833,1,586.0,9699.962922371113,1500.0,11199.962922371113,0,0,0
343,141.15029830238655,0.04842027837896652,-0.03703962570838192,98.62799999999832,1,594.0,9699.957532319288,1500.0,11199.957532319288,0,0,0
344,141.15777859869468,0.05767613950742781,-0.034309118108634476,98.62399999999832,1,602.0,9699.961465416996,1500.0,11199.961465416996,0,0,0
345,141.14495468900728,0.06718539849485758,-0.030567002697899793,98.61999999999831,1,610.0,9699.95753426191,1500.0,11199.95753426191,0,0,0
346,141.1366012707151,0.07314171378577466,-0.022005432190043563,98.61599999999831,1,618.0,9699.964156775899,1500.0,11199.964156775899,0,0,0
347,141.12729853852258,0.06883048930646059,-0.02728436758008251,98.6119999999983,1,626.0,9699.96816887155,1500.0,11199.96816887155,0,0,0
348,141.14551954035292,0.0743860974278523,-0.028797800430382714,98.6079999999983,1,634.0,9699.972356729793,1500.0,11199.972356729793,0,0,0
349,141.16345938079866,0.06516872500966606,-0.029465582621601705,98.6039999999983,1,642.0,9699.96387688803,1500.0,11199.96387688803,0,0,0
350,141.18285546600745,0.07277690247589574,-0.029916163468100783,98.59999999999829,1,650.0,9699.954421275603,1500.0,11199.954421275603,0,0,0
351,141.2027865210134,0.07469027848289568,-0.034729712038448476,98.59599999999828,1,658.0,9699.942962788167,1500.0,11199.942962788167,0,0,0
352,141.218744822784,0.06679575260413805,-0.02504076695327464,98.59199999999828,1,666.0,9699.929851162558,1500.0,11199.929851162558,0,0,0
353,141.20209735267332,0.07644829645984498,-0.032372522906549704,98.58799999999827,1,674.0,9699.918376013711,1500.0,11199.918376013711,0,0,0
354,141.19927004715348,0.0798526022470323,-0.03134491975358242,98.58399999999827,1,682.0,9699.93032715237,1500.0,11199.93032715237,0,0,0
355,141.21855590539923,0.0897597788102427,-0.022068390952212205,98.57999999999826,1,690.0,9699.932262935543,1500.0,11199.932262935543,0,0,0
356,141.21761992813478,0.09138424789591104,-0.012939614568992482,98.57599999999826,1,698.0,9699.91851694059,1500.0,11199.91851694059,0,0,0
357,141.22376382204922,0.09839145617131517,-0.012471060841600604,98.57199999999825,1,706.0,9699.919213356385,1500.0,11199.919213356385,0,0,0
358,141.2044971124767,0.10151662227361855,-0.019923400542398217,98.56799999999825,1,714.0,9699.91458739784,1500.0,11199.91458739784,0,0,0
359,141.22264549645269,0.10173037377184532,-0.016887456001053947,98.56399999999825,1,722.0,9699.928662701088,1500.0,11199.928662701088,0,0,0
360,141.21497529681284,0.09920674136758667,-0.017481998201687637,98.55999999999824,1,730.0,9699.9154390126,1500.0,11199.9154390126,0,0,0
361,141.20375035162266,0.09913386081719577,-0.019614714754023932,98.55599999999824,1,738.0,9699.921164946409,1500.0,11199.921164946409,0,0,0
362,141.1844499073201,0.09386963848930639,-0.010827608581107458,98.55199999999823,1,746.0,9699.929182753222,1500.0,11199.929182753222,0,0,0
363,141.1822976157772,0.09016685606707484,-0.01994295953505574,98.54799999999823,1,754.0,9699.941963759757,1500.0,11199.941963759757,0,0,0
364,141.17361603812105,0.09498277502326212,-0.024251303636649867,98.54399999999822,1,762.0,9699.943310272009,1500.0,11199.943310272009,0,0,0
365,141.1675038392673,0.08935989494099787,-0.015477304834193501,98.53999999999822,1,770.0,9699.948581179173,1500.0,11199.948581179173,0,0,0
366,141.15909028340886,0.09049731631239712,-0.01846119525939928,98.53599999999821,1,778.0,9699.952137874157,1500.0,11199.952137874157,0,0,0
367,141.16965279531604,0.08504520695067755,-0.011882628609378299,98.5319999999982,1,786.0,9699.95682525371,1500.0,11199.95682525371,0,0,0
368,141.1499317976499,0.08691686580636745,-0.008893270302129695,98.5279999999982,1,794.0,9699.950901922799,1500.0,11199.950901922799,0,0,0
369,141.16502059228577,0.08882081560871662,-0.007672693128569519,98.5239999999982,1,802.0,9699.961653122102,1500.0,11199.961653122102,0,0,0
370,141.15298139246087,0.08765233018731113,-0.0030245512489326457,98.51999999999819,1,810.0,9699.95354646749,1500.0,11199.95354646749,0,0,0
371,141.1392995993295,0.09475841040162183,0.000886051532888241,98.51599999999819,1,818.0,9699.960077316713,1500.0,11199.960077316713,0,0,0
372,141.1298050178496,0.08653210410996662,0.0044098116614189,98.51199999999818,1,826.0,9699.966898910936,1500.0,11199.966898910936,0,0,0
373,141.14235445401374,0.0898529223215373,0.006678497358324036,98.50799999999818,1,834.0,9699.971257433892,1500.0,11199.971257433892,0,0,0
374,141.1562372164562,0.09459022527928679,-0.002486790695256898,98.50399999999817,1,842.0,9699.96543117176,1500.0,11199.96543117176,0,0,0
375,141.17578486682942,0.08560791381094546,0.0005156515286733436,98.49999999999817,1,850.0,9699.95835992732,1500.0,11199.95835992732,0,0,0
376,141.17329371205042,0.08243453938751377,0.004594234633501285,98.49599999999816,1,858.0,9699.947288498166,1500.0,11199.947288498166,0,0,0
377,141.16604520602658,0.08627426944612693,0.01379767490906956,98.49199999999816,1,866.0,9699.948771924557,1500.0,11199.948771924557,0,0,0
378,141.16266328594327,0.07665786738169797,0.013014902748141767,98.48799999999815,1,874.0,9699.952967816567,1500.0,11199.952967816567,0,0,0
379,141.17992479286778,0.08480657716184466,0.0077312246826477206,98.48399999999815,1,882.0,9699.954864157551,1500.0,11199.954864157551,0,0,0
380,141.1625220472713,0.07785622383752457,0.016108424057303117,98.47999999999814,1,890.0,9699.944776436443,1500.0,11199.944776436443,0,0,0
381,141.1763547915622,0.07851072234339973,0.014376596202943126,98.47599999999814,1,898.0,9699.954942505341,1500.0,11199.954942505341,0,0,0
382,141.1671475625482,0.07919406118790426,0.013693772598204413,98.47199999999813,1,906.0,9699.946946144863,1500.0,11199.946946144863,0,0,0
383,141.17733029328278,0.08490555983450357,0.004809656072400709,98.46799999999813,1,914.0,9699.95234126071,1500.0,11199.95234126071,0,0,0
384,141.1945822305222,0.08007706417393058,0.006882439441241504,98.46399999999812,1,922.0,9699.946357590126,1500.0,11199.946357590126,0,0,0
385,141.19027966175065,0.08836634864955971,0.009050515145047447,98.45999999999812,1,930.0,9699.935412466515,1500.0,11199.935412466515,0,0,0
386,141.19488726105993,0.08593590527822895,0.012238141741570084,98.45599999999811,1,938.0,9699.938237181783,1500.0,11199.938237181783,0,0,0
387,141.1978898594624,0.07842486495522687,0.012114439405075395,98.45199999999811,1,946.0,9699.935209810877,1500.0,11199.935209810877,0,0,0
388,141.19945365082796,0.07096268527729915,0.01928236698637907,98.4479999999981,1,954.0,9699.93319800838,1500.0,11199.93319800838,0,0,0
389,141.20061895387482,0.08075912660797283,0.015520844874164542,98.4439999999981,1,962.0,9699.932138054848,1500.0,11199.932138054848,0,0,0
390,141.19168067430329,0.07417493210631104,0.013566066174989665,98.4399999999981,1,970.0,9699.931342775737,1500.0,11199.931342775737,0,0,0
391,141.1889318570128,0.06800360389394641,0.013186474071241478,98.43599999999809,1,978.0,9699.937324325832,1500.0,11199.937324325832,0,0,0
392,141.197619852885,0.07426336800625273,0.015605222286765927,98.43199999999808,1,986.0,9699.939109049243,1500.0,11199.939109049243,0,0,0
393,141.17836490327988,0.07077752805905536,0.011212693173991413,98.42799999999808,1,994.0,9699.93338017693,1500.0,11199.93338017693,0,0,0
394,141.1880175822552,0.07878417942943504,0.016420468444215033,98.42399999999807,1,992.0,9199.945729825651,2000.0,11199.945729825651,1,0,0
395,141.17532897366968,0.0813048579988399,0.014509119713248376,98.41999999999807,1,990.0,9199.939696947009,2000.0,11199.939696947009,1,0,0
396,141.19285496096137,0.08847247809759717,0.007110890683929644,98.41599999999806,1,988.0,9199.947561555035,2000.0,11199.947561555035,1,0,0
397,141.2065216743208,0.09363478577215839,0.01165212569073942,98.41199999999806,1,986.0,9199.936554038659,2000.0,11199.936554038659,1,0,0
398,141.2260637410663,0.08524010189251073,0.01901462359895298,98.40799999999805,1,984.0,9199.92724320385,2000.0,11199.92724320385,1,0,0
399,141.21145275449467,0.08238834918943905,0.020293978706320614,98.40399999999805,1,982.0,9199.9128225785,2000.0,11199.9128225785,1,0,0
400,141.22154657390922,0.07603320324761723,0.029218155043703592,98.39999999999804,1,980.0,9199.92372732764,2000.0,11199.92372732764,1,0,0
401,141.20596302057976,0.08073179458371575,0.03533456781994063,98.39599999999804,1,978.0,9199.916271695334,2000.0,11199.916271695334,1,0,0
402,141.20162785989237,0.0782145622024115,0.04515470369017391,98.39199999999803,1,976.0,9199.927636294193,2000.0,11199.927636294193,1,0,0
403,141.1886722747883,0.07967682539178128,0.035205476519999765,98.38799999999803,1,974.0,9199.9306504903,2000.0,11199.9306504903,1,0,0
404,141.20422312477564,0.07342368347954539,0.03643482273537418,98.38399999999803,1,972.0,9199.93927625594,2000.0,11199.93927625594,1,0,0
405,141.19281011974846,0.07965498646694233,0.033659332578460176,98.37999999999802,1,970.0,9199.92885372998,2000.0,11199.92885372998,1,0,0
406,141.182620729786,0.07734913262858639,0.028470959529216303,98.37599999999802,1,968.0,9199.936583539175,2000.0,11199.936583539175,1,0,0
407,141.19746078595998,0.08177443141314669,0.0209848260359702,98.37199999999801,1,966.0,9199.943109134294,2000.0,11199.943109134294,1,0,0
408,141.1868431501259,0.07672319379429254,0.024447773162137858,98.367999999998,1,964.0,9199.933487380076,2000.0,11199.933487380076,1,0,0
409,141.17503549645568,0.0748811856687606,0.01597501320552224,98.363999999998,1,962.0,9199.940447946878,2000.0,11199.940447946878,1,0,0
410,141.19452734121313,0.07159294110703693,0.012499629069436361,98.359999999998,1,960.0,9199.947736957838,2000.0,11199.947736957838,1,0,0
411,141.20366639149003,0.07623622029695944,0.0028842855316827728,98.35599999999799,1,958.0,9199.935448900076,2000.0,11199.935448900076,1,0,0
412,141.20351942066625,0.08310510598525153,0.004368612520064425,98.35199999999799,1,956.0,9199.929241104966,2000.0,11199.929241104966,1,0,0
413,141.2179840511607,0.0786848331744384,-0.003017570898283076,98.34799999999798,1,954.0,9199.929343190832,2000.0,11199.929343190832,1,0,0
414,141.20410619876387,0.07565086135183681,-0.007147286054905681,98.34399999999798,1,952.0,9199.918942785105,2000.0,11199.918942785105,1,0,0
415,141.21473813071037,0.06929670494482366,-0.006901820077053874,98.33999999999797,1,950.0,9199.928935174812,2000.0,11199.928935174812,1,0,0
416,141.20216369780664,0.07536539099270091,-0.007250480755659149,98.33599999999797,1,948.0,9199.921338795844,2000.0,11199.921338795844,1,0,0
417,141.20038240705549,0.08002868281100492,-0.005697323285077871,98.33199999999796,1,946.0,9199.93028140008,2000.0,11199.93028140008,1,0,0
418,141.19623864959175,0.08834703784899313,-0.0025815818677729545,98.32799999999796,1,944.0,9199.931504585542,2000.0,11199.931504585542,1,0,0
419,141.19493237277518,0.08038371402177695,-0.0004948798002015449,98.32399999999795,1,942.0,9199.934308159325,2000.0,11199.934308159325,1,0,0
420,141.19453641495417,0.08612111333927117,0.003039329738362539,98.31999999999795,1,940.0,9199.935179812694,2000.0,11199.935179812694,1,0,0
421,141.19619371931967,0.09155302281889527,0.005788093145030417,98.31599999999794,1,938.0,9199.93544287796,2000.0,11199.93544287796,1,0,0
422,141.1765305584446,0.08969372818523921,0.011429262856918958,98.31199999999794,1,936.0,9199.934338237106,2000.0,11199.934338237106,1,0,0
423,141.18623017930827,0.0949300060173529,0.003116357965289092,98.30799999999793,1,934.0,9199.946840338263,2000.0,11199.946840338263,1,0,0
424,141.17411250433827,0.10405494092780007,-0.003154029045773006,98.30399999999793,1,932.0,9199.94083804692,2000.0,11199.94083804692,1,0,0
425,141.17464194651814,0.1113786639744764,-0.007810708172728547,98.29999999999792,1,930.0,9199.948286688099,2000.0,11199.948286688099,1,0,0
426,141.16696574743222,0.10833528695509739,-0.013298629035149827,98.29599999999792,1,928.0,9199.947971709977,2000.0,11199.947971709977,1,0,0
427,141.15474233115216,0.10929144938585501,-0.021803313644946212,98.29199999999791,1,926.0,9199.952444886037,2000.0,11199.952444886037,1,0,0
428,141.16523689641934,0.11598701581472892,-0.017930618440116092,98.28799999999791,1,924.0,9199.95915294328,2000.0,11199.95915294328,1,0,0
429,141.16106661004036,0.10695946945090838,-0.008158309633423797,98.2839999999979,1,922.0,9199.953424607918,2000.0,11199.953424607918,1,0,0
430,141.17560328512536,0.09979127564523539,-0.005295660698955757,98.2799999999979,1,920.0,9199.955745900028,2000.0,11199.955745900028,1,0,0
431,141.1827597458491,0.09166040118046685,-0.00836508193593382,98.2759999999979,1,918.0,9199.94739734136,2000.0,11199.94739734136,1,0,0
432,141.18059413150513,0.09392862928982587,-0.0003053983029596436,98.27199999999789,1,916.0,9199.943022487529,2000.0,11199.943022487529,1,0,0
433,141.17314667629356,0.10033793795186623,-0.008228446330796156,98.26799999999788,1,914.0,9199.944364797922,2000.0,11199.944364797922,1,0,0
434,141.15567874594487,0.09194888529256683,-0.0033188227198071955,98.26399999999788,1,912.0,9199.948858819314,2000.0,11199.948858819314,1,0,0
435,141.15353880733284,0.0930912054802694,-0.01065595970342206,98.25999999999787,1,910.0,9199.958657080288,2000.0,11199.958657080288,1,0,0
436,141.15041194989544,0.10027789811862824,-0.018574080884579305,98.25599999999787,1,908.0,9199.959785856086,2000.0,11199.959785856086,1,0,0
437,141.15064960965987,0.10360216543527466,-0.021213160702566132,98.25199999999786,1,906.0,9199.96140711943,2000.0,11199.96140711943,1,0,0
438,141.14707007396075,0.09789777051400403,-0.014332828454291775,98.24799999999786,1,904.0,9199.961285065088,2000.0,11199.961285065088,1,0,0
439,141.16332563805747,0.10316378064670947,-0.019271741020942357,98.24399999999785,1,902.0,9199.963102992426,2000.0,11199.963102992426,1,0,0
440,141.15636851661185,0.10721563915229239,-0.020088611018486156,98.23999999999785,1,900.0,9199.954495830218,2000.0,11199.954495830218,1,0,0
441,141.14981790224294,0.10211475528203191,-0.023484658923040216,98.23599999999784,1,898.0,9199.958289910173,2000.0,11199.958289910173,1,0,0
442,141.15452226400825,0.09901920853688621,-0.03218085827357932,98.23199999999784,1,896.0,9199.961711360207,2000.0,11199.961711360207,1,0,0
443,141.16504535312706,0.10115984651449791,-0.025377376380230535,98.22799999999783,1,894.0,9199.959269042058,2000.0,11199.959269042058,1,0,0
444,141.1607651398245,0.10638505995774608,-0.032150605443354706,98.22399999999783,1,892.0,9199.953532526031,2000.0,11199.953532526031,1,0,0
445,141.1426451729505,0.09705363638106998,-0.0400117854680654,98.21999999999782,1,890.0,9199.955911406694,2000.0,11199.955911406694,1,0,0
446,141.15001123556058,0.09418013033895214,-0.04329107531910442,98.21599999999782,1,888.0,9199.965289833437,2000.0,11199.965289833437,1,0,0
447,141.13086496204338,0.09728910199708415,-0.03436243551926428,98.21199999999781,1,886.0,9199.96161247694,2000.0,11199.96161247694,1,0,0
448,141.13475200107473,0.10557538317981337,-0.03124533405575256,98.20799999999781,1,884.0,9199.970786113308,2000.0,11199.970786113308,1,0,0
449,141.13204875093692,0.1105041778072392,-0.037069235843211715,98.2039999999978,1,882.0,9199.969024879223,2000.0,11199.969024879223,1,0,0
450,141.1481598872858,0.11737915433062826,-0.03393653252829818,98.1999999999978,1,880.0,9199.970255192336,2000.0,11199.970255192336,1,0,0
451,141.15180924990304,0.12402226855088835,-0.037138500907771044,98.1959999999978,1,878.0,9199.962554140964,2000.0,11199.962554140964,1,0,0
452,141.13529858677032,0.12228303367172912,-0.03564700941886946,98.19199999999779,1,876.0,9199.960686747394,2000.0,11199.960686747394,1,0,0
453,141.1236349193399,0.11870334610276759,-0.03682274524870272,98.18799999999779,1,874.0,9199.968773085007,2000.0,11199.968773085007,1,0,0
454,141.11428454222676,0.1237023117879483,-0.029003667804839393,98.18399999999778,1,872.0,9199.973924965401,2000.0,11199.973924965401,1,0,0
455,141.13421747096893,0.12321343591841737,-0.029292255045655885,98.17999999999778,1,870.0,9199.977719875964,2000.0,11199.977719875964,1,0,0
456,141.1321652715153,0.11880650963219251,-0.03271675321865477,98.17599999999777,1,868.0,9199.969270134028,2000.0,11199.969270134028,1,0,0
457,141.1459799943562,0.11452083902729682,-0.04090379248352723,98.17199999999777,1,866.0,9199.97020267522,2000.0,11199.97020267522,1,0,0
458,141.15037003445454,0.11491430020757258,-0.0337275582790702,98.16799999999776,1,864.0,9199.96364792445,2000.0,11199.96364792445,1,0,0
459,141.15435542109472,0.11311306381024241,-0.03957128391931838,98.16399999999776,1,862.0,9199.96142862585,2000.0,11199.96142862585,1,0,0
460,141.14918859179502,0.1074226468261895,-0.04079268009968815,98.15999999999775,1,860.0,9199.959356951706,2000.0,11199.959356951706,1,0,0
461,141.1682389094854,0.09964269656992272,-0.0316290614053192,98.15599999999775,1,858.0,9199.962032347494,2000.0,11199.962032347494,1,0,0
462,141.15614808466802,0.09788490266894746,-0.03874925821060393,98.15199999999774,1,856.0,9199.951716878506,2000.0,11199.951716878506,1,0,0
463,141.16879239440243,0.10385170843157987,-0.044038877998423924,98.14799999999774,1,854.0,9199.958407424238,2000.0,11199.958407424238,1,0,0
464,141.1616081537765,0.10008125706727967,-0.04828005702853906,98.14399999999773,1,852.0,9199.951398665324,2000.0,11199.951398665324,1,0,0
465,141.15128943295704,0.09903559149535689,-0.03922864200656246,98.13999999999773,1,850.0,9199.955447814615,2000.0,11199.955447814615,1,0,0
466,141.15486283029517,0.10104101670704808,-0.04569098474382069,98.13599999999772,1,848.0,9199.960955514885,2000.0,11199.960955514885,1,0,0
467,141.15859612438254,0.09392470210220565,-0.042845987918404334,98.13199999999772,1,846.0,9199.959089302663,2000.0,11199.959089302663,1,0,0
468,141.14485894270584,0.10067934609727489,-0.052577110491014344,98.12799999999771,1,844.0,9199.95709305186,2000.0,11199.95709305186,1,0,0
469,141.16029453920174,0.10043672810451473,-0.050064434323947395,98.12399999999771,1,842.0,9199.964204110978,2000.0,11199.964204110978,1,0,0
470,141.14108670324936,0.09436585518289427,-0.05158828370331187,98.1199999999977,1,840.0,9199.956169145884,2000.0,11199.956169145884,1,0,0
471,141.14676259280432,0.09312377040699893,-0.0431007221124373,98.1159999999977,1,838.0,9199.966044141609,2000.0,11199.966044141609,1,0,0
472,141.13287409995914,0.0859016399635534,-0.0396716218124713,98.11199999999769,1,836.0,9199.963257113088,2000.0,11199.963257113088,1,0,0
473,141.1154038758364,0.09111140670527289,-0.047225079336126144,98.10799999999769,1,834.0,9199.969882200407,2000.0,11199.969882200407,1,0,0
474,141.13022878922746,0.09530382035031341,-0.04989831834196636,98.10399999999768,1,832.0,9199.97728130375,2000.0,11199.97728130375,1,0,0
475,141.11578642197188,0.09330113080601292,-0.04054942776836267,98.09999999999768,1,830.0,9199.971069457279,2000.0,11199.971069457279,1,0,0
476,141.09888112635954,0.09460208324880442,-0.04959729180337558,98.09599999999767,1,828.0,9199.977130436182,2000.0,11199.977130436182,1,0,0
477,141.10148327295016,0.08570879410782307,-0.050603075048884234,98.09199999999767,1,826.0,9199.983321020914,2000.0,11199.983321020914,1,0,0
478,141.09456793477764,0.09072047081340795,-0.056401722317964496,98.08799999999766,1,824.0,9199.982431625556,2000.0,11199.982431625556,1,0,0
479,141.1124599221272,0.09666439375105856,-0.06405908520346429,98.08399999999766,1,822.0,9199.984744358544,2000.0,11199.984744358544,1,0,0
480,141.1094197828607,0.09444689186661535,-0.06483134826243979,98.07999999999765,1,820.0,9199.978425627165,2000.0,11199.978425627165,1,0,0
481,141.0936281363194,0.10185605426799692,-0.06002267189874653,98.07599999999765,1,818.0,9199.979576304475,2000.0,11199.979576304475,1,0,0
482,141.0956247940471,0.10491715198749234,-0.061260873912672306,98.07199999999764,1,816.0,9199.985046067253,2000.0,11199.985046067253,1,0,0
483,141.08304326918764,0.10378762942059531,-0.0658232999185358,98.06799999999764,1,814.0,9199.98440146948,2000.0,11199.98440146948,1,0,0
484,141.06807823474455,0.10219655060073234,-0.0656718506903847,98.06399999999763,1,812.0,9199.98823609356,2000.0,11199.98823609356,1,0,0
485,141.06423959388624,0.09606250759944882,-0.07151295051512233,98.05999999999763,1,810.0,9199.992093954977,2000.0,11199.992093954977,1,0,0
486,141.0782875488152,0.09019093737758586,-0.06653921935266185,98.05599999999762,1,808.0,9199.992960395015,2000.0,11199.992960395015,1,0,0
487,141.06590429109994,0.09312281719692928,-0.06395572451229636,98.05199999999762,1,806.0,9199.989544902537,2000.0,11199.989544902537,1,0,0
488,141.0664942112354,0.09468683170069941,-0.06769261980059342,98.04799999999761,1,804.0,9199.992590820779,2000.0,11199.992590820779,1,0,0
489,141.04830313457555,0.09194796689943355,-0.07646803318116359,98.04399999999761,1,802.0,9199.992457585584,2000.0,11199.992457585584,1,0,0
490,141.03477426749956,0.10151763498152089,-0.0763134698826725,98.0399999999976,1,800.0,9199.996019905664,2000.0,11199.996019905664,1,0,0
491,141.03808381787428,0.095426496287354,-0.07314655965161632,98.0359999999976,1,798.0,9199.997937192364,2000.0,11199.997937192364,1,0,0
492,141.04136240818457,0.09453923845748749,-0.07935600537205485,98.0319999999976,1,796.0,9199.99752586322,2000.0,11199.99752586322,1,0,0
493,141.03785867287493,0.0978085508510763,-0.0815875667750113,98.02799999999759,1,794.0,9199.997081535765,2000.0,11199.997081535765,1,0,0
494,141.026852304577,0.0953442930590991,-0.08562005717320549,98.02399999999759,1,792.0,9199.997555030093,2000.0,11199.997555030093,1,0,0
495,141.04325823350166,0.09986670697854448,-0.07610456176272104,98.01999999999758,1,790.0,9199.998769997812,2000.0,11199.998769997812,1,0,0
496,141.05865897272545,0.10978761857842419,-0.08169764087958238,98.01599999999758,1,788.0,9199.996807871961,2000.0,11199.996807871961,1,0,0
497,141.07418232080366,0.10921095850498952,-0.07904946488782613,98.01199999999757,1,786.0,9199.994130357773,2000.0,11199.994130357773,1,0,0
498,141.06874696907718,0.10535384369914873,-0.08109235873842946,98.00799999999757,1,784.0,9199.990612638687,2000.0,11199.990612638687,1,0,0
499,141.07696413513298,0.11114659522217339,-0.07187266255193774,98.00399999999756,1,782.0,9199.991937869541,2000.0,11199.991937869541,1,0,0
500,141.07005942355568,0.10711457379032446,-0.08178240221060153,97.99999999999756,1,780.0,9199.989895391682,2000.0,11199.989895391682,1,0,0
501,141.08655130742716,0.11594848675675538,-0.0774553320114881,97.99599999999755,1,778.0,9199.991627101483,2000.0,11199.991627101483,1,0,0
502,141.0989705468928,0.11494645182323959,-0.06960328150031718,97.99199999999755,1,776.0,9199.987221203772,2000.0,11199.987221203772,1,0,0
503,141.10463686976647,0.11403432022489408,-0.07175887586238017,97.98799999999754,1,774.0,9199.983290840893,2000.0,11199.983290840893,1,0,0
504,141.1034430639614,0.10661702326281594,-0.07582799613820557,97.98399999999754,1,772.0,9199.981322784926,2000.0,11199.981322784926,1,0,0
505,141.09618888631,0.11453144163682374,-0.08428271285164488,97.97999999999753,1,770.0,9199.981746531706,2000.0,11199.981746531706,1,0,0
506,141.0887350734834,0.1092921535521068,-0.08158176340662976,97.97599999999753,1,768.0,9199.984216894734,2000.0,11199.984216894734,1,0,0
507,141.10602996266667,0.10487941732637475,-0.07434997995017427,97.97199999999752,1,766.0,9199.986568228285,2000.0,11199.986568228285,1,0,0
508,141.1178700822563,0.10687116724126096,-0.07142347361645582,97.96799999999752,1,764.0,9199.980822152747,2000.0,11199.980822152747,1,0,0
509,141.11497580054146,0.11478530830118094,-0.07270994391319137,97.96399999999751,1,762.0,9199.976299921624,2000.0,11199.976299921624,1,0,0
510,141.10323377619454,0.11652647954014383,-0.07654666496924598,97.9599999999975,1,760.0,9199.97744953505,2000.0,11199.97744953505,1,0,0
511,141.10783487444442,0.12640971994551198,-0.06949304981746579,97.9559999999975,1,758.0,9199.981820318422,2000.0,11199.981820318422,1,0,0
512,141.1125482000484,0.12194502140324383,-0.06582966538770442,97.9519999999975,1,756.0,9199.980163679895,2000.0,11199.980163679895,1,0,0
513,141.0928932320346,0.11424523642298581,-0.07571492695371745,97.94799999999749,1,754.0,9199.978391743312,2000.0,11199.978391743312,1,0,0
514,141.1039623423282,0.11932885349536371,-0.06864637576316203,97.94399999999749,1,752.0,9199.985279898176,2000.0,11199.985279898176,1,0,0
515,141.11228242868566,0.11203912574670528,-0.06275182892726612,97.93999999999748,1,750.0,9199.981562809002,2000.0,11199.981562809002,1,0,0
516,141.10458281509872,0.10910608414905734,-0.05925771822207581,97.93599999999748,1,748.0,9199.97849367428,2000.0,11199.97849367428,1,0,0
517,141.11727091693882,0.10709057177103753,-0.060551074797415845,97.93199999999747,1,746.0,9199.981342076971,2000.0,11199.981342076971,1,0,0
518,141.13397084316688,0.11296245755966634,-0.06981692185403145,97.92799999999747,1,744.0,9199.97654025688,2000.0,11199.97654025688,1,0,0
519,141.13453605604826,0.10438802013474416,-0.07085543750535106,97.92399999999746,1,742.0,9199.96938296394,2000.0,11199.96938296394,1,0,0
520,141.1158472160849,0.09523531384871176,-0.06752061021154672,97.91999999999746,1,740.0,9199.969124077166,2000.0,11199.969124077166,1,0,0
521,141.12025248197742,0.09413694845799342,-0.07240767158931538,97.91599999999745,1,738.0,9199.977106414379,2000.0,11199.977106414379,1,0,0
522,141.10219085692617,0.10206140238665633,-0.0676794363722885,97.91199999999745,1,736.0,9199.97533218399,2000.0,11199.97533218399,1,0,0
523,141.08996843631883,0.10559723107560931,-0.06377966033874578,97.90799999999744,1,734.0,9199.98218578338,2000.0,11199.98218578338,1,0,0
524,141.07522267593,0.10506981993872969,-0.06321835525757773,97.90399999999744,1,732.0,9199.986192246743,2000.0,11199.986192246743,1,0,0
525,141.07433003024312,0.10537610073671282,-0.06283183159644087,97.89999999999743,1,730.0,9199.990347490068,2000.0,11199.990347490068,1,0,0
526,141.0558583083512,0.09641049127854093,-0.07176455697382478,97.89599999999743,1,728.0,9199.990575217853,2000.0,11199.990575217853,1,0,0
527,141.06510691757995,0.09902718006651853,-0.08137028070015716,97.89199999999742,1,726.0,9199.99467746794,2000.0,11199.99467746794,1,0,0
528,141.05305419213917,0.09814794290727605,-0.08393717809397216,97.88799999999742,1,724.0,9199.992769022925,2000.0,11199.992769022925,1,0,0
529,141.06055538856313,0.10293719355939057,-0.09340248531787816,97.88399999999741,1,722.0,9199.995198442402,2000.0,11199.995198442402,1,0,0
530,141.0666923951704,0.10287663887422532,-0.08827163866755307,97.87999999999741,1,720.0,9199.993744697564,2000.0,11199.993744697564,1,0,0
531,141.08244102298022,0.09905985366633213,-0.08539178922126581,97.8759999999974,1,718.0,9199.992412558724,2000.0,11199.992412558724,1,0,0
532,141.0682506224045,0.10357943359881286,-0.09207463501845123,97.8719999999974,1,716.0,9199.988406103166,2000.0,11199.988406103166,1,0,0
533,141.0657572515725,0.09603419017499647,-0.09205949531276596,97.8679999999974,1,714.0,9199.992053864926,2000.0,11199.992053864926,1,0,0
534,141.06088985533728,0.09050984832578753,-0.09213862175882931,97.86399999999739,1,712.0,9199.992623845237,2000.0,11199.992623845237,1,0,0
535,141.06590257121405,0.09842244279361309,-0.09279584320265424,97.85999999999738,1,710.0,9199.993675406668,2000.0,11199.993675406668,1,0,0
536,141.05311230372266,0.09903470274015631,-0.10214509703639615,97.85599999999738,1,708.0,9199.992591207483,2000.0,11199.992591207483,1,0,0
537,141.05616017868613,0.09528008701952023,-0.10775736611467011,97.85199999999737,1,706.0,9199.99518791811,2000.0,11199.99518791811,1,0,0
538,141.0583716323085,0.10372086413376748,-0.11111179516424008,97.84799999999737,1,704.0,9199.994619784278,2000.0,11199.994619784278,1,0,0
539,141.04043711187265,0.1012992079415144,-0.10231298008567695,97.84399999999737,1,702.0,9199.994187721699,2000.0,11199.994187721699,1,0,0
540,141.05186235992565,0.09532965249131171,-0.10965939695152484,97.83999999999736,1,700.0,9199.997210650054,2000.0,11199.997210650054,1,0,0
541,141.05033297311192,0.09571212959406016,-0.1194450132388944,97.83599999999736,1,698.0,9199.99541174779,2000.0,11199.99541174779,1,0,0
542,141.06095960436613,0.10487904751310366,-0.12089695814648997,97.83199999999735,1,696.0,9199.9956783668,2000.0,11199.9956783668,1,0,0
543,141.06730290742172,0.10121229519001548,-0.11550143951247388,97.82799999999735,1,694.0,9199.993660908789,2000.0,11199.993660908789,1,0,0
544,141.0862808195015,0.09655831732669314,-0.12328778204297834,97.82399999999734,1,692.0,9199.992273009759,2000.0,11199.992273009759,1,0,0
545,141.0807501661519,0.08819790374909156,-0.11527864855894734,97.81999999999734,1,690.0,9199.987300950883,2000.0,11199.987300950883,1,0,0
546,141.0644032632314,0.09074821314511797,-0.10932349325550625,97.81599999999733,1,688.0,9199.98887680529,2000.0,11199.98887680529,1,0,0
547,141.0570234090383,0.09382258532377935,-0.10689934708968168,97.81199999999733,1,686.0,9199.992924478374,2000.0,11199.992924478374,1,0,0
548,141.04455586037938,0.08604176279739502,-0.10191468525851717,97.80799999999732,1,684.0,9199.994453116038,2000.0,11199.994453116038,1,0,0
